 var aData = oTable.fnGetData( nTr );
    var sOut = '<table cellpadding="2" class="slidingRow" cellspacing="0" border="0" style="padding-left:0px;">';
    sOut += '<tr><td> <label class="formItalictext">*Mandatory Fields</label></td><td></td></tr>';
    sOut += '<tr><td>Not ID:</td><td>ALT_02</td></tr>';
    sOut += '<tr><td>Measure Name:</td><td><div class="dropdown"><div class="ui-widget form-group comboStylings"><select class="combobox" name="Measure Name*" data-error="*Mandatory Field" class="form-control topMargin comboSelect" required><option value="">select</option><option value="Lorem ipsum">Lorem ipsum</option><option value="fiat">Fiat</option><option value="audi">Audi</option><option value="ActionScript">ActionScript</option></select></div></div></td></tr>';
    sOut += '<tr><td>Title:</td><td><input type="text" class="form-control" id="inputName" placeholder="Enter Title (50 characters)" data-error="*Mandatory Field" required></td></tr>';
    sOut += '<tr><td>Audience Group:</td><td><div class="dropdown"><div class="ui-widget form-group comboStylings"><select name="Audience Group*" data-error="*Mandatory Field" class="form-control topMargin comboSelect" required><option value="">Select</option><option value="saab">Saab</option><option value="fiat">Fiat</option><option value="audi">Audi</option></select></div></div></td></tr>';
    sOut += '<tr><td>Recipients:</td><td><select name="Job Role*" data-error="*Mandatory Field" class="form-control" required><option value="" selected disabled>Select</option><option value="saab">Saab</option><option value="fiat">Fiat</option><option value="audi">Audi</option></select></td></tr>';
    sOut += '<tr><td>Description:</td><td><textarea type="textarea" width="262px" height="50px" data-error="*Mandatory Field" class="form-control" placeholder="Enter Description (140 characters)" required></textarea></td></tr>';
    sOut += '<tr><td>Topic:</td><td><select name="Job Role*" data-error="*Mandatory Field" class="form-control" required><option value="" selected disabled>Select</option><option value="saab">Saab</option><option value="fiat">Fiat</option><option value="audi">Audi</option></select></td></tr>';
    sOut += '<tr><td>Location:</td><td><select name="Job Role*" data-error="*Mandatory Field" class="form-control" required><option value="" selected disabled>Select</option><option value="saab">Saab</option><option value="fiat">Fiat</option><option value="audi">Audi</option></select></td></tr>';
    sOut += '<tr><td>Thershold:</td><td><select name="Job Role*" data-error="*Mandatory Field" class="form-control" required><option value="" selected disabled>Select</option><option value="saab">Saab</option><option value="fiat">Fiat</option><option value="audi">Audi</option></select></td></tr>';
    sOut += '<tr><td>Thershold Value:</td><td><select name="Job Role*" data-error="*Mandatory Field" class="form-control" required><option value="" selected disabled>Select</option><option value="saab">Saab</option><option value="fiat">Fiat</option><option value="audi">Audi</option></select></td></tr>';
    sOut += '<tr><td>Mandatory/optional:</td><td><select name="Job Role*" data-error="*Mandatory Field" class="form-control" required><option value="" selected disabled>Select</option><option value="saab">Saab</option><option value="fiat">Fiat</option><option value="audi">Audi</option></select></td></tr>';
    sOut += '<tr><td>Start Date:</td><td><input type="text"  class="formCalendarIcon " /></td></tr>';
    sOut += '<tr><td>End Date:</td><td> <input type="text" class="formCalendarIcon " /></td></tr>';
    sOut += '<tr><td>Disable Alert:</td><td><select name="Job Role*" data-error="*Mandatory Field" class="form-control" required><option value="" selected disabled>Select</option><option value="saab">Saab</option><option value="fiat">Fiat</option><option value="audi">Audi</option></select></td></tr>';
    sOut += '<tr><td>Created By:</td><td><input type="text" class="form-control" id="inputName" placeholder="Type here" data-error="*Mandatory Field" required></td></tr>';
    sOut += '<tr><td>Created:</td><td><input type="text" class="form-control" id="inputName" placeholder="Type here" data-error="*Mandatory Field" required></td></tr>';
    sOut += '<tr><td>Modified By:</td><td><input type="text" class="form-control" id="inputName" placeholder="Type here" data-error="*Mandatory Field" required></td></tr>';
    sOut += '<tr><td>Modified:</td><td><input type="text" class="form-control" id="inputName" placeholder="Type here" data-error="*Mandatory Field" required></td></tr>';
    sOut += '<tr><td>&nbsp;</td><td><label  for"Subscribe" class="textLabel panelCheckBox">Subscribe<input type="checkbox" checked="checked" data-error="*Mandatory Field" required><span class="checkmark"></span></label><label  for"On Screen" class="textLabel panelCheckBox">On Screen<input type="checkbox" checked="checked" data-error="*Mandatory Field" required><span class="checkmark"></span></label><label  for"Email" class="textLabel panelCheckBox">Email<input type="checkbox" checked="checked" data-error="*Mandatory Field" required><span class="checkmark"></span></label><label for"Mobile" class="textLabel panelCheckBox">Mobile<input type="checkbox" checked="checked" data-error="*Mandatory Field" required><span class="checkmark"></span></label></td></tr>';
    sOut += '<tr><td></td><td style="text-align:right;"><button class="btn btn-sm btn-default">Cancel</button><button class="btn btn-default ">Save</button></td></tr>';
    sOut += '</table>';