[
  {
    "outputFileName": "Scripts/App/alerts/alerts.min.js",
    "inputFiles": [
      "Scripts/App/alerts/alerts.js"
    ]
  },
  {
    "outputFileName": "Scripts/quagga/quagga.min.js",
    "inputFiles": [
      "Scripts/quagga/quagga.js"
    ]
  },
  {
    "outputFileName": "Scripts/App/favourites/favourites.min.js",
    "inputFiles": [
      "Scripts/App/favourites/favourites.js"
    ]
  },
  {
    "outputFileName": "Scripts/App/menu/menu.min.js",
    "inputFiles": [
      "Scripts/App/menu/menu.js"
    ]
  }
]
