[
  {
    "outputFileName": "Scripts/App/alerts/alertIndex.min.js",
    "inputFiles": [
      "Scripts/App/alerts/alertIndex.js"
    ]
  },
  {
    "outputFileName": "Scripts/powerbi/adal.min.js",
    "inputFiles": [
      "Scripts/powerbi/adal.js"
    ]
  },
  {
    "outputFileName": "Scripts/App/common/dataService.min.js",
    "inputFiles": [
      "Scripts/App/common/dataService.js"
    ]
  },
  {
    "outputFileName": "Scripts/script.min.js",
    "inputFiles": [
      "Scripts/script.js"   
    ]
  }
]
