[
  {
    "menuId": 1,
    "url": "#",
    "description": "Favourite",
    "cssIcon": "defaultIcons favourite",
    "parentId": 0,
    "orderId": 1,
    "isReport": false
  },
  {
    "menuId": 2,
    "url": "#",
    "description": "Home",
    "cssIcon": "defaultIcons Home",
    "parentId": 0,
    "orderId": 2,
    "isReport": false
  },
  {
    "menuId": 3,
    "url": "#",
    "description": "BagDetails",
    "cssIcon": "defaultIcons Bag_details",
    "parentId": 0,
    "orderId": 3,
    "isReport": false
  },
  {
    "menuId": 4,
    "url": "#",
    "description": "BagList",
    "cssIcon": "defaultIcons Bag_list",
    "parentId": 0,
    "orderId": 4,
    "isReport": false
  },
  {
    "menuId": 5,
    "url": "#",
    "description": "Inbound",
    "cssIcon": "defaultIcons Inbound",
    "parentId": 0,
    "orderId": 5,
    "isReport": false
  },
  {
    "menuId": 6,
    "url": "#",
    "description": "Outbound",
    "cssIcon": "defaultIcons Outbound",
    "parentId": 0,
    "orderId": 6,
    "isReport": false
  },
  {
    "menuId": 7,
    "url": "#",
    "description": "Arrival Delivery Performance(ADP)",
    "cssIcon": "defaultIcons ADP",
    "parentId": 0,
    "orderId": 7,
    "isReport": false
  },
  {
    "menuId": 8,
    "url": "#",
    "description": "Bag Journey Performance(BJP)",
    "cssIcon": "defaultIcons BJP",
    "parentId": 0,
    "orderId": 8,
    "isReport": false
  },
  {
    "menuId": 9,
    "url": "#",
    "description": "Baggage Status(BTR)",
    "cssIcon": "defaultIcons BTR",
    "parentId": 0,
    "orderId": 9,
    "isReport": false
  },
  {
    "menuId": 10,
    "url": "#",
    "description": "Not Loaded Bags(NLB)",
    "cssIcon": "defaultIcons NLB",
    "parentId": 0,
    "orderId": 10,
    "isReport": false
  },
  {
    "menuId": 11,
    "url": "#",
    "description": "Departure Delivery Performance(DDP)",
    "cssIcon": "defaultIcons DDP",
    "parentId": 0,
    "orderId": 11,
    "isReport": false
  },
  {
    "menuId": 12,
    "url": "#",
    "description": "Inter-Terminal Transfers(ITT)",
    "cssIcon": "defaultIcons ITT",
    "parentId": 0,
    "orderId": 12,
    "isReport": false
  },
  {
    "menuId": 13,
    "url": "#",
    "description": "(DV)",
    "cssIcon": "defaultIcons DV",
    "parentId": 0,
    "orderId": 13,
    "isReport": false
  },
  {
    "menuId": 14,
    "url": "#",
    "description": "Mass Disruption(MD)",
    "cssIcon": "defaultIcons MD",
    "parentId": 0,
    "orderId": 14,
    "isReport": false
  },
  {
    "menuId": 15,
    "url": "https://app.powerbi.com/reportEmbed?reportId=c0e8cc90-56d0-4a94-a557-8da2e0589dee\u0026groupId=0fc4287c-461d-46bc-a2da-ec29f0962ab3",
    "description": "ADP Dashboard",
    "cssIcon": "",
    "parentId": 7,
    "orderId": 1,
    "isReport": true
  },
  {
    "menuId": 16,
    "url": "https://app.powerbi.com/reportEmbed?reportId=7ab8bebb-143c-4e25-9496-a234cfa64f1e\u0026groupId=0fc4287c-461d-46bc-a2da-ec29f0962ab3",
    "description": "ADP Summary",
    "cssIcon": "",
    "parentId": 7,
    "orderId": 2,
    "isReport": true
  },
  {
    "menuId": 17,
    "url": "Dashboard/Index",
    "description": "ADP Detail",
    "cssIcon": "",
    "parentId": 7,
    "orderId": 3,
    "isReport": false
  },
  {
    "menuId": 18,
    "url": "https://app.powerbi.com/reportEmbed?reportId=7f64fdb5-63ab-4ff4-bbc7-1ea36b4d112a\u0026groupId=0fc4287c-461d-46bc-a2da-ec29f0962ab3",
    "description": "BJP Dashboard",
    "cssIcon": "",
    "parentId": 8,
    "orderId": 1,
    "isReport": true
  },
  {
    "menuId": 19,
    "url": "https://app.powerbi.com/reportEmbed?reportId=712a0da8-9c45-4792-92f3-57d37b80520c",
    "description": "BJP Summary",
    "cssIcon": "",
    "parentId": 8,
    "orderId": 2,
    "isReport": true
  },
  {
    "menuId": 20,
    "url": "Dashboard/Index",
    "description": "BJP Detail",
    "cssIcon": "",
    "parentId": 8,
    "orderId": 3,
    "isReport": false
  },
  {
    "menuId": 21,
    "url": "Dashboard/Index",
    "description": "Baggage Status Dashboard",
    "cssIcon": "",
    "parentId": 9,
    "orderId": 1,
    "isReport": false
  },
  {
    "menuId": 22,
    "url": "Dashboard/Index",
    "description": "NLB Dashboard",
    "cssIcon": "",
    "parentId": 10,
    "orderId": 1,
    "isReport": false
  },
  {
    "menuId": 23,
    "url": "https://app.powerbi.com/reportEmbed?reportId=ef07d746-cb18-4e2d-9627-296733ad3896\u0026groupId=0fc4287c-461d-46bc-a2da-ec29f0962ab3",
    "description": "NLB Summary",
    "cssIcon": "",
    "parentId": 10,
    "orderId": 2,
    "isReport": false
  },
  {
    "menuId": 24,
    "url": "Dashboard/Index",
    "description": "NLB Detail",
    "cssIcon": "",
    "parentId": 10,
    "orderId": 3,
    "isReport": false
  },
  {
    "menuId": 25,
    "url": "Dashboard/Index",
    "description": "DDP Dashboard",
    "cssIcon": "",
    "parentId": 11,
    "orderId": 1,
    "isReport": false
  },
  {
    "menuId": 26,
    "url": "Dashboard/Index",
    "description": "DDP Summary",
    "cssIcon": "",
    "parentId": 11,
    "orderId": 2,
    "isReport": false
  },
  {
    "menuId": 27,
    "url": "Dashboard/Index",
    "description": "DDP Detail",
    "cssIcon": "",
    "parentId": 11,
    "orderId": 3,
    "isReport": false
  },
  {
    "menuId": 28,
    "url": "Dashboard/Index",
    "description": "Inter-Terminal Transfers Dashboard",
    "cssIcon": "",
    "parentId": 12,
    "orderId": 1,
    "isReport": false
  },
  {
    "menuId": 29,
    "url": "Dashboard/Index",
    "description": "Inter-Terminal Transfers Detail",
    "cssIcon": "",
    "parentId": 12,
    "orderId": 2,
    "isReport": false
  },
  {
    "menuId": 30,
    "url": "https://app.powerbi.com/reportEmbed?reportId=3d609ca8-4938-4037-b68c-0257dee4f7db\u0026groupId=f574865f-76fc-4441-9322-6d64f5bbcaca",
    "description": "Bag List General",
    "cssIcon": null,
    "parentId": 5,
    "orderId": 1,
    "isReport": true
  },
  {
    "menuId": 31,
    "url": "https://app.powerbi.com/reportEmbed?reportId=7f64fdb5-63ab-4ff4-bbc7-1ea36b4d112a\u0026groupId=0fc4287c-461d-46bc-a2da-ec29f0962ab3",
    "description": "Audit History",
    "cssIcon": null,
    "parentId": 6,
    "orderId": 1,
    "isReport": true
  }
]